Ref,Val,Package,PosX,PosY,Rot,Side
"REF**","C_0603_1608Metric","C_0603_1608Metric",16.880000,25.300000,90.000000,bottom
"REF**","C_0603_1608Metric","C_0603_1608Metric",27.500000,24.370000,90.000000,bottom
"REF**","LED_0603_1608Metric","LED_0603_1608Metric",24.350000,8.900000,90.000000,bottom
"REF**","C_0603_1608Metric","C_0603_1608Metric",19.210000,24.640000,90.000000,bottom
"REF**","PQFN50P300X250X97-14N","PQFN50P300X250X97-14N",22.049990,20.020000,-90.000000,bottom
"REF**","R_0603_1608Metric","R_0603_1608Metric",34.400000,29.120000,180.000000,bottom
"REF**","C_0603_1608Metric","C_0603_1608Metric",27.860000,32.340000,180.000000,bottom
"REF**","R_0603_1608Metric","R_0603_1608Metric",30.980000,10.020000,90.000000,bottom
"REF**","C_0603_1608Metric","C_0603_1608Metric",6.349980,9.180000,180.000000,bottom
"REF**","C_0603_1608Metric","C_0603_1608Metric",5.510000,30.750000,180.000000,bottom
"REF**","R_0603_1608Metric","R_0603_1608Metric",26.530000,8.880000,90.000000,bottom
"REF**","C_0603_1608Metric","C_0603_1608Metric",28.090000,30.060000,180.000000,bottom
"REF**","R_0603_1608Metric","R_0603_1608Metric",15.420000,21.570000,180.000000,bottom
"REF**","C_0603_1608Metric","C_0603_1608Metric",20.150000,15.400000,180.000000,bottom
"REF**","R_0603_1608Metric","R_0603_1608Metric",2.380000,6.200000,-90.000000,bottom
"REF**","PLCC16-0.5-3X3MM","PLCC16-0.5-3X3MM",25.511500,23.440000,180.000000,bottom
"REF**","R_0603_1608Metric","R_0603_1608Metric",31.720000,18.940000,180.000000,bottom
"REF**","C_0603_1608Metric","C_0603_1608Metric",18.430000,18.430000,90.000000,bottom
"REF**","R_0603_1608Metric","R_0603_1608Metric",25.660000,19.810000,180.000000,bottom
"REF**","R_0603_1608Metric","R_0603_1608Metric",34.380000,24.410000,180.000000,bottom
"REF**","C_0603_1608Metric","C_0603_1608Metric",30.560000,15.720000,180.000000,bottom
"REF**","C_0603_1608Metric","C_0603_1608Metric",28.080000,27.860000,180.000000,bottom
"REF**","C_0603_1608Metric","C_0603_1608Metric",16.210000,18.660000,90.000000,bottom
"REF**","R_0603_1608Metric","R_0603_1608Metric",34.340000,26.740000,180.000000,bottom
"REF**","R_0603_1608Metric","R_0603_1608Metric",28.770000,8.810000,90.000000,bottom
"REF**","LED_0603_1608Metric","LED_0603_1608Metric",22.110000,8.970000,90.000000,bottom
"REF**","CP_EIA-1608-08_AVX-J_HandSolder","CP_EIA-1608-08_AVX-J_HandSolder",20.000000,23.410000,-90.000000,top
"REF**","QFN50P500X500X90-33N","QFN50P500X500X90-33N",19.790000,31.610000,0.000000,top
"REF**","R_0603_1608Metric","R_0603_1608Metric",11.994380,34.275190,-90.000000,top
"REF**","R_0603_1608Metric","R_0603_1608Metric",14.580000,28.230000,-90.000000,top
"REF**","CP_EIA-1608-08_AVX-J_HandSolder","CP_EIA-1608-08_AVX-J_HandSolder",26.550000,35.380000,0.000000,top
"REF**","CP_EIA-1608-08_AVX-J_HandSolder","CP_EIA-1608-08_AVX-J_HandSolder",17.550000,4.590000,-90.000000,top
"REF**","QFP50P1200X1200X160-64N","QFP50P1200X1200X160-64N",12.630000,15.640000,0.000000,top
"REF**","R_0603_1608Metric","R_0603_1608Metric",12.099970,30.274990,-90.000000,top
"REF**","SOIC127P790X216-8N","SOIC127P790X216-8N",31.060000,15.790000,-90.000000,top
"REF**","R_0603_1608Metric","R_0603_1608Metric",11.648790,5.046780,-90.000000,top
"REF**","CP_EIA-1608-08_AVX-J_HandSolder","CP_EIA-1608-08_AVX-J_HandSolder",17.800000,24.150000,-90.000000,top
"REF**","R_0603_1608Metric","R_0603_1608Metric",27.520000,25.010000,-90.000000,top
"REF**","CP_EIA-1608-08_AVX-J_HandSolder","CP_EIA-1608-08_AVX-J_HandSolder",4.890000,19.420000,-90.000000,top
"REF**","R_0603_1608Metric","R_0603_1608Metric",20.624080,1.535480,0.000000,top
"REF**","CP_EIA-1608-08_AVX-J_HandSolder","CP_EIA-1608-08_AVX-J_HandSolder",23.490000,12.030000,0.000000,top
"REF**","CP_EIA-1608-08_AVX-J_HandSolder","CP_EIA-1608-08_AVX-J_HandSolder",2.340000,6.230000,-90.000000,top
"REF**","Oscillator_SMD_Abracon_ASE-4Pin_3.2x2.5mm","Oscillator_SMD_Abracon_ASE-4Pin_3.2x2.5mm",26.720000,32.170000,-90.000000,top
"REF**","CP_EIA-1608-08_AVX-J_HandSolder","CP_EIA-1608-08_AVX-J_HandSolder",26.440000,12.800000,-90.000000,top
"REF**","SOT230P700X180-4N","SOT230P700X180-4N",6.660000,27.550000,0.000000,top
"REF**","R_0603_1608Metric","R_0603_1608Metric",24.442590,1.535480,0.000000,top
"REF**","R_0603_1608Metric","R_0603_1608Metric",25.630000,19.780000,0.000000,top
"REF**","CP_EIA-1608-08_AVX-J_HandSolder","CP_EIA-1608-08_AVX-J_HandSolder",11.970000,24.910000,-90.000000,top
"REF**","R_0603_1608Metric","R_0603_1608Metric",14.160000,24.400000,-90.000000,top
"REF**","CP_EIA-1608-08_AVX-J_HandSolder","CP_EIA-1608-08_AVX-J_HandSolder",15.350000,4.650000,-90.000000,top
"REF**","CP_EIA-1608-08_AVX-J_HandSolder","CP_EIA-1608-08_AVX-J_HandSolder",7.030000,22.960000,0.000000,top
"REF**","CP_EIA-1608-08_AVX-J_HandSolder","CP_EIA-1608-08_AVX-J_HandSolder",1.710000,28.820000,-90.000000,top
"REF**","R_0603_1608Metric","R_0603_1608Metric",25.570000,22.020000,0.000000,top
"REF**","CP_EIA-1608-08_AVX-J_HandSolder","CP_EIA-1608-08_AVX-J_HandSolder",6.360000,9.199975,0.000000,top
"REF**","CP_EIA-1608-08_AVX-J_HandSolder","CP_EIA-1608-08_AVX-J_HandSolder",26.800000,28.910000,0.000000,top
"REF**","CP_EIA-1608-08_AVX-J_HandSolder","CP_EIA-1608-08_AVX-J_HandSolder",2.690000,19.400000,-90.000000,top
"REF**","Oscillator_SMD_Abracon_ASE-4Pin_3.2x2.5mm","Oscillator_SMD_Abracon_ASE-4Pin_3.2x2.5mm",3.590000,15.710000,0.000000,top
"REF**","CP_EIA-1608-08_AVX-J_HandSolder","CP_EIA-1608-08_AVX-J_HandSolder",32.350000,32.340000,0.000000,top
